{"noiseKey":{"private":{"type":"Buffer","data":"SHPupn+0/YZA4NgEWuJuBgR6VwXBHfVg+aSxl0May2c="},"public":{"type":"Buffer","data":"bwbjeNPHMFhi7AkxYydEVzIybI+9aHWESEwzeV2DCTU="}},"pairingEphemeralKeyPair":{"private":{"type":"Buffer","data":"OEXwWOZlGhUG+oHtxIVIhPyHxUUSOWaWqbPqXMXhOEU="},"public":{"type":"Buffer","data":"AfIdi5Mg84zIrZSaJZxyu/FWsQCT/5acvzvpTPeuUmg="}},"signedIdentityKey":{"private":{"type":"Buffer","data":"YB69fFpEuSUCzAnmZCF1c0AqEsdDs6V3FE8DPugYx34="},"public":{"type":"Buffer","data":"WjoTGSePVebCGev4lGqK9+rl5AOYD7etrJoZIxCW9U0="}},"signedPreKey":{"keyPair":{"private":{"type":"Buffer","data":"sLUep7SekNyM8SbBmt+yZ1wbN532qxOKkeDX8f0raUE="},"public":{"type":"Buffer","data":"Trn6W3YWIxae/90DyhvFjPaYNgCVyykM38++Dhzy8WA="}},"signature":{"type":"Buffer","data":"t6LdztHgTNXkFk3cNOGG/CPaLLw3vfk8lCLIqjCzqPY6MquNGQCfQb2gW8GT9ZY0ZucbcnnybhpzHEpLHpAYCg=="},"keyId":1},"registrationId":13,"advSecretKey":"AS8IEh7YcA7KTr8phF1+m0jnzzPr51JMDqRbP64XmQo=","processedHistoryMessages":[{"key":{"remoteJid":"994773971756@s.whatsapp.net","fromMe":true,"id":"81E21FDDA220F95675AFBA0C80A6F54C"},"messageTimestamp":1756975683},{"key":{"remoteJid":"994773971756@s.whatsapp.net","fromMe":true,"id":"92F9DF43FC66C9B890C3964CAE186F38"},"messageTimestamp":1756975683}],"nextPreKeyId":31,"firstUnuploadedPreKeyId":31,"accountSyncCounter":1,"accountSettings":{"unarchiveChats":false},"deviceId":"1Kh8NQFiRuC61QpkzrotPg","phoneId":"fb4783e2-a346-44e3-85a5-f4f47be179a6","identityId":{"type":"Buffer","data":"0M707ByKOr9JotcrUoG7sd3XnSM="},"registered":true,"backupToken":{"type":"Buffer","data":"9Rq6QUmzv5h4hjmgPrnMzaSDiZ4="},"registration":{},"pairingCode":"DRAY1922","me":{"id":"994773971756:14@s.whatsapp.net","lid":"17910617612502:14@lid","name":"John"},"account":{"details":"CNbGgskDEL6k5cUGGAEgACgA","accountSignatureKey":"Bd4jwTV6ZSy0IUp9nSWXiwWWUBqlzYhkXDnSNsEO5T4=","accountSignature":"XDp4Y+caOFTwxtDKjqOfBXtaX9eA9qhhWLoPuwaaONxAH/haMmOoBX08qfoJ2Fvai8AKaEF13/27r9LyNjnCAA==","deviceSignature":"q7GmHTO4HdDE/2zcwOK7qKhVjIzXM6SOskeLbat+kHnvPnb3ajnWGUsvLTcUis7sLvcX6Z0gIgYsiM/dg743Aw=="},"signalIdentities":[{"identifier":{"name":"994773971756:14@s.whatsapp.net","deviceId":0},"identifierKey":{"type":"Buffer","data":"BQXeI8E1emUstCFKfZ0ll4sFllAapc2IZFw50jbBDuU+"}}],"platform":"android","routingInfo":{"type":"Buffer","data":"CAUIAg=="},"lastAccountSyncTimestamp":1756975681,"myAppStateKeyId":"AAAAAB0j"}